{
  "model": "VQC",
  "n_features": 2,
  "n_qubits": 2,
  "feature_names": [
    "petal length",
    "petal width"
  ],
  "n_train": 80,
  "n_test": 20,
  "random_seed": 42,
  "feature_map": "ZZFeatureMap",
  "feature_map_reps": 2,
  "ansatz": "RealAmplitudes",
  "ansatz_reps": 3,
  "n_parameters": 8,
  "optimizer": "SPSA",
  "max_iter": 300,
  "train_time_sim_s": 232.40841847299998,
  "accuracy_test_sim": 0.7,
  "accuracy_train_sim": 0.7625,
  "n_runs": 3,
  "init_seeds": [
    42,
    123,
    7
  ],
  "accuracy_test_runs": [
    0.7,
    0.7,
    0.7
  ],
  "accuracy_test_mean": 0.6999999999999998,
  "accuracy_test_std": 1.1102230246251565e-16,
  "accuracy_train_runs": [
    0.7875,
    0.75,
    0.775
  ],
  "accuracy_train_mean": 0.7708333333333334,
  "accuracy_train_std": 0.015590239111558084,
  "loss_history": [
    1.3528667631663358,
    1.2063519306825603,
    1.6510496490595876,
    1.4697197307356586,
    1.2965699909470747,
    1.3095128834668939,
    1.3187753280465373,
    1.2659329841544358,
    1.2623298186906944,
    1.2660073591447707,
    1.2529286631675796,
    1.22757437199414,
    1.1286055089429656,
    0.8773421141531047,
    0.8708383281014459,
    0.8620379929828154,
    0.863188706323139,
    0.8296003823854357,
    0.8278800084130509,
    0.8220661751598672,
    0.8001324915630736,
    0.8050942124725067,
    0.8064871074829767,
    0.7834056467035129,
    0.7766947592589937,
    0.7613148813300572,
    0.7829499835414273,
    0.7721993655087613,
    0.7724305190531482,
    0.7759478920037755,
    0.7609106841422694,
    0.7622557405989225,
    0.7759273400852698,
    0.7749037398225432,
    0.7545194328016898,
    0.7537844499569294,
    0.7439619001866553,
    0.7574439955538145,
    0.7504815075694461,
    0.7558292439390566,
    0.7557743365056402,
    0.7516617061939076,
    0.7474686862671224,
    0.7570131761592063,
    0.7547969730294846,
    0.7518335344665306,
    0.7519084744147471,
    0.753679148863274,
    0.7472186280829011,
    0.7555114827785603,
    0.7512000655673206,
    0.7577275902212204,
    0.7468396801729182,
    0.7470252543948936,
    0.7439980024727723,
    0.7538785732243888,
    0.7549074567574834,
    0.7413058964093275,
    0.7449572983708752,
    0.7511909514231723,
    0.758229197897538,
    0.7435403228740768,
    0.7497102168968311,
    0.752644803635946,
    0.7455840163588698,
    0.7506230270261556,
    0.7403665083926587,
    0.7527509741117793,
    0.7476932810902522,
    0.7422100168271909,
    0.7448247976918899,
    0.7518457222895195,
    0.7458999829301687,
    0.7437653460070963,
    0.7389673935882948,
    0.7463264573005602,
    0.7476499452511917,
    0.7463978306666761,
    0.7518573369313823,
    0.7509194600952811,
    0.7343890478690323,
    0.7452466520737945,
    0.7417255607883224,
    0.7400516742275286,
    0.7480546168951298,
    0.7423147272840595,
    0.7396714201272003,
    0.7480063330270628,
    0.7465639278226774,
    0.7412350184527995,
    0.7433622370889644,
    0.7494383567560693,
    0.7478674893753797,
    0.7394659103020303,
    0.739209276227378,
    0.7397048798065573,
    0.7443408428316426,
    0.7478343871485226,
    0.7369733366276925,
    0.7419184079196585,
    0.7436552135372242,
    0.7403808372053584,
    0.7417412362824521,
    0.740474974083819,
    0.7463663967389744,
    0.7509184275776597,
    0.7491792393916299,
    0.7375907267581662,
    0.7476240184749263,
    0.7422505780040242,
    0.7443610429233258,
    0.74031243803062,
    0.7360806845939047,
    0.7395392583536614,
    0.7401748464429769,
    0.7508091346169832,
    0.7389239867698152,
    0.7379668330568848,
    0.7446697109945023,
    0.7410825942107008,
    0.7435859076473617,
    0.7486720127264579,
    0.7471002689267301,
    0.7508188638723121,
    0.7426379011261924,
    0.7380200177595858,
    0.7472637621364301,
    0.743322095809664,
    0.7345381680222405,
    0.7403420620649493,
    0.7412396728705981,
    0.7399232996318995,
    0.7330490808255495,
    0.7475109462638609,
    0.7449493896204061,
    0.7440086937250687,
    0.7364148864773995,
    0.745183884185097,
    0.7485937269011675,
    0.7468761992196559,
    0.7428805314099186,
    0.7380032342374319,
    0.7456124000101646,
    0.7480814371519108,
    0.7393906159788963,
    0.7430851690291901,
    0.7435325898171985,
    0.7405385495401369,
    0.736468512965277,
    0.7406715103131212,
    0.744440656475389,
    0.7486962880393223,
    0.743553880280774,
    0.7407507189334863,
    0.7459020004912069,
    0.7422367141071299,
    0.7441185984636688,
    0.7350921129042831,
    0.7444680917609261,
    0.7524756525279507,
    0.7466743390076231,
    0.7364952134260268,
    0.7431937792068488,
    0.7390566660819093,
    0.7490656237288799,
    0.7380035689889867,
    0.7445865830848222,
    0.7380475094746579,
    0.7384526531095423,
    0.7389192430455103,
    0.7428167456421745,
    0.7375965254795458,
    0.7503951253203776,
    0.7400261222259938,
    0.7386570089576111,
    0.7427544406948033,
    0.7347434278930659,
    0.7498155577850781,
    0.7433296312740576,
    0.7367869164231517,
    0.7369508659621673,
    0.7460747202978821,
    0.7425358047004721,
    0.7422219065800023,
    0.7452076852812579,
    0.7364263425665726,
    0.7445464384019651,
    0.7365691370204684,
    0.7359823967613606,
    0.7424304200892309,
    0.7410596409696923,
    0.7409051139253059,
    0.7398587353225823,
    0.7422275267012772,
    0.7391173143354915,
    0.7513092777682334,
    0.7501714193735972,
    0.7404108104061615,
    0.7419162016319978,
    0.742426268556861,
    0.744639113213095,
    0.7385477368411101,
    0.7462533210588111,
    0.7323640952338653,
    0.7396812899391689,
    0.7443159751684938,
    0.748049147678062,
    0.7395018821238526,
    0.7384077010846604,
    0.742168678471228,
    0.7336931823860742,
    0.7364870928117282,
    0.741278321331535,
    0.7420290760115326,
    0.7385375491435466,
    0.7442299962232359,
    0.7434031452574313,
    0.7408991392503916,
    0.7471377001419561,
    0.7400274168174837,
    0.7421421502734232,
    0.73737212788109,
    0.7406017971124859,
    0.7383563983414534,
    0.7459857073286902,
    0.7339019741238844,
    0.7432108084068169,
    0.7442178874939348,
    0.7405073046814593,
    0.7462393541213908,
    0.7471596773109009,
    0.742549798845413,
    0.7356815621481412,
    0.7442676414081661,
    0.7345535905270998,
    0.7469304167993737,
    0.7400972952761917,
    0.7369918502055859,
    0.7368778437194162,
    0.7437369381503812,
    0.7405287969670273,
    0.7412035611414408,
    0.745746472185405,
    0.7396108180355331,
    0.7375969224925981,
    0.7396219680727085,
    0.7356642389061328,
    0.7302324553018599,
    0.7477320710845048,
    0.7370334006488231,
    0.7443218158951976,
    0.7364468154483964,
    0.7356061646146078,
    0.743705932782903,
    0.7428658520476086,
    0.7441536412691121,
    0.7373362037028167,
    0.746397651532807,
    0.7402324432081355,
    0.737378841125237,
    0.7328077862304113,
    0.737060133973362,
    0.7416683572566625,
    0.7349355865867697,
    0.7415123608920282,
    0.7440526351779029,
    0.7396022697970743,
    0.7433591724191301,
    0.7397920362902249,
    0.7438986857482938,
    0.743012789485374,
    0.7407413032504806,
    0.7304004556801853,
    0.7439547226805237,
    0.7411431067108342,
    0.7353809925098189,
    0.7375676927984876,
    0.7406459581411848,
    0.7431330542663317,
    0.748257303693787,
    0.7419662028342124,
    0.741143864166016,
    0.7428148319343159,
    0.7405824834614774,
    0.7468827259997022,
    0.7475655138946264,
    0.7394483555645399,
    0.7451446053938183,
    0.7416207961174633,
    0.7408037257277765,
    0.7460994197620094,
    0.7344954600802323,
    0.7426264067887626,
    0.740552836139412,
    0.741898340381989,
    0.7452109175551682,
    0.7389508297305902,
    0.7403118208922125,
    0.7384897182205382,
    0.7433711195760322
