{
  "model": "SVM-RBF",
  "n_features": 2,
  "feature_names": [
    "petal length",
    "petal width"
  ],
  "n_train": 80,
  "n_test": 20,
  "random_seed": 42,
  "train_time_s": 0.0029869099998904858,
  "accuracy_test": 0.85,
  "accuracy_train": 0.975,
  "cv_mean": 0.9399999999999998,
  "cv_std": 0.037416573867739396,
  "cv_scores": [
    0.95,
    0.95,
    0.9,
    0.9,
    1.0
  ],
  "y_test": [
    1,
    1,
    1,
    1,
    0,
    0,
    0,
    1,
    0,
    0,
    0,
    1,
    0,
    0,
    0,
    1,
    1,
    0,
    1,
    1
  ],
  "y_pred_test": [
    1,
    1,
    1,
    1,
    0,
    0,
    1,
    1,
    0,
    0,
    0,
    1,
    0,
    0,
    0,
    1,
    0,
    0,
    0,
    1
  ],
  "n_support_vectors": 17,
  "svm_C": 1.0,
  "svm_gamma": "scale"
}