{
  "n_features": 2,
  "n_train": 80,
  "n_test": 20,
  "svm_accuracy_test": 0.85,
  "svm_cv_mean": 0.9399999999999998,
  "svm_cv_std": 0.037416573867739396,
  "svm_train_time_s": 0.0029869099998904858,
  "svm_n_support_vectors": 17,
  "vqc_accuracy_test_sim": 0.7,
  "vqc_accuracy_test_mean": 0.6999999999999998,
  "vqc_accuracy_test_std": 1.1102230246251565e-16,
  "vqc_n_runs": 3,
  "vqc_accuracy_test_real": null,
  "vqc_train_time_sim_s": 232.40841847299998,
  "vqc_n_qubits": 2,
  "vqc_n_parameters": 8,
  "vqc_optimizer": "SPSA",
  "vqc_max_iter": 300,
  "vqc_final_loss": 0.7433711195760322,
  "vqc_real_hw_run": false,
  "vqc_backend": null,
  "ratio_svm": 284.57502905382654,
  "ratio_vqc_sim": 0.0030119390880899706
}